order_id,customer_name,city,payment_method,status,created_at
1,David Baker,Delhi,UPI,Processing,2026-07-16 03:19:27.551792
2,Valerie King,Mumbai,Card,Processing,2026-07-16 03:19:27.552410
3,Joshua Smith,Chennai,Net Banking,Processing,2026-07-16 03:19:27.552496
4,Mark Brady,Mumbai,Net Banking,Processing,2026-07-16 03:19:27.552561
5,Susan James,Delhi,Net Banking,Processing,2026-07-16 03:19:27.552629
6,Harold Stephens,Bangalore,UPI,Processing,2026-07-16 03:19:27.552691
7,Justin Williams,Mumbai,UPI,Processing,2026-07-16 03:19:27.552752
8,Peter Wolf,Mumbai,UPI,Processing,2026-07-16 03:19:27.552812
9,Wayne Santana,Hyderabad,Card,Processing,2026-07-16 03:19:27.552871
10,Karen Kim,Mumbai,Card,Processing,2026-07-16 03:19:27.552931
11,Timothy Moon,Chennai,Net Banking,Processing,2026-07-16 03:19:27.552990
12,Joseph Curry,Hyderabad,Card,Processing,2026-07-16 03:19:27.553050
13,Andrea Bryant,Chennai,Card,Processing,2026-07-16 03:19:27.553111
14,Andrew Moore,Delhi,Net Banking,Processing,2026-07-16 03:19:27.553176
15,Raymond Smith,Chennai,Card,Processing,2026-07-16 03:19:27.553240
16,Erica Cortez,Hyderabad,Net Banking,Processing,2026-07-16 03:19:27.553300
17,John Miller,Hyderabad,Net Banking,Processing,2026-07-16 03:19:27.553360
18,Sean Johnson,Chennai,UPI,Processing,2026-07-16 03:19:27.553419
19,Patricia Garcia,Mumbai,Card,Processing,2026-07-16 03:19:27.553479
20,Courtney Lopez,Chennai,Card,Processing,2026-07-16 03:19:27.553541
21,Anna Cook,Chennai,Card,Processing,2026-07-16 03:19:27.553602
22,Chelsea Rodriguez,Chennai,Net Banking,Processing,2026-07-16 03:19:27.553664
23,Audrey Chavez,Hyderabad,UPI,Processing,2026-07-16 03:19:27.553724
24,Christopher Hawkins Jr.,Chennai,UPI,Processing,2026-07-16 03:19:27.553792
25,Jennifer Kane,Delhi,Card,Processing,2026-07-16 03:19:27.553856
26,Jared Romero,Mumbai,UPI,Processing,2026-07-16 03:19:27.553919
27,Travis Martinez Jr.,Hyderabad,Card,Processing,2026-07-16 03:19:27.553986
28,Michael Good,Hyderabad,UPI,Processing,2026-07-16 03:19:27.554060
29,Steven Taylor,Bangalore,Net Banking,Processing,2026-07-16 03:19:27.554125
30,Brett Fernandez,Delhi,Card,Processing,2026-07-16 03:19:27.554187
31,Gregory Andersen,Bangalore,Net Banking,Processing,2026-07-16 03:19:27.554250
32,Brandy Miller,Bangalore,Net Banking,Processing,2026-07-16 03:19:27.554315
33,Christopher Conner,Hyderabad,UPI,Processing,2026-07-16 03:19:27.554378
34,Garrett Paul,Mumbai,UPI,Processing,2026-07-16 03:19:27.554440
35,Andrew Burton,Chennai,UPI,Processing,2026-07-16 03:19:27.554503
36,Kathleen Bullock,Hyderabad,UPI,Processing,2026-07-16 03:19:27.554568
37,Jeffrey Rodriguez,Bangalore,Card,Processing,2026-07-16 03:19:27.554630
38,Gabriella Simmons,Mumbai,Net Banking,Processing,2026-07-16 03:19:27.554694
39,Crystal Mueller,Bangalore,Card,Processing,2026-07-16 03:19:27.554759
40,Zachary Jacobson,Delhi,UPI,Processing,2026-07-16 03:19:27.554826
41,Tony Carlson,Mumbai,UPI,Processing,2026-07-16 03:19:27.554891
42,Adam Harmon,Mumbai,Card,Processing,2026-07-16 03:19:27.555033
43,Jacob Sherman,Hyderabad,Net Banking,Processing,2026-07-16 03:19:27.555134
44,James Wilson,Chennai,Card,Processing,2026-07-16 03:19:27.555231
45,William Mcdaniel,Delhi,Net Banking,Processing,2026-07-16 03:19:27.555316
46,David Duncan,Delhi,Net Banking,Processing,2026-07-16 03:19:27.555382
47,Lori Jacobs,Hyderabad,UPI,Processing,2026-07-16 03:19:27.555455
48,Christy Jenkins,Bangalore,Net Banking,Processing,2026-07-16 03:19:27.555519
49,Daniel Barnes,Mumbai,Card,Processing,2026-07-16 03:19:27.555578
50,Lindsey Lyons,Bangalore,Net Banking,Processing,2026-07-16 03:19:27.555637
51,Brian Small,Delhi,Card,Processing,2026-07-16 03:19:27.555695
52,Keith Rose,Delhi,UPI,Processing,2026-07-16 03:19:27.555755
53,Hannah Patterson,Mumbai,UPI,Processing,2026-07-16 03:19:27.555812
54,Taylor Woods,Hyderabad,Card,Processing,2026-07-16 03:19:27.555869
55,Max Hernandez,Mumbai,UPI,Processing,2026-07-16 03:19:27.555926
56,Thomas Cardenas,Chennai,Card,Processing,2026-07-16 03:19:27.555981
57,Casey Sparks,Hyderabad,UPI,Processing,2026-07-16 03:19:27.556038
58,Nathan Johnson,Delhi,UPI,Processing,2026-07-16 03:19:27.556101
59,Kaitlin Fox,Mumbai,Net Banking,Processing,2026-07-16 03:19:27.556159
60,Kyle Mcmillan,Bangalore,UPI,Processing,2026-07-16 03:19:27.556216
61,Christina Brooks,Bangalore,Card,Processing,2026-07-16 03:19:27.556280
62,Karen Miller,Mumbai,Net Banking,Processing,2026-07-16 03:19:27.556340
63,John Jones,Chennai,Card,Processing,2026-07-16 03:19:27.556398
64,Miranda Burch,Delhi,Card,Processing,2026-07-16 03:19:27.556458
65,Stephen Lopez,Mumbai,Card,Processing,2026-07-16 03:19:27.556517
66,Dana Jenkins,Chennai,UPI,Processing,2026-07-16 03:19:27.556579
67,Joseph Byrd,Delhi,UPI,Processing,2026-07-16 03:19:27.556638
68,Samantha Cooper,Chennai,Card,Processing,2026-07-16 03:19:27.556708
69,Kimberly Gould MD,Mumbai,UPI,Processing,2026-07-16 03:19:27.556773
70,David Romero,Hyderabad,UPI,Processing,2026-07-16 03:19:27.556832
71,Amanda Garrison,Mumbai,UPI,Processing,2026-07-16 03:19:27.556890
72,Kenneth White,Bangalore,Net Banking,Processing,2026-07-16 03:19:27.556948
73,Joseph Ortiz,Chennai,Card,Processing,2026-07-16 03:19:27.557005
74,Chad Wilson,Hyderabad,Card,Processing,2026-07-16 03:19:27.557062
75,Caleb Anderson,Mumbai,Card,Processing,2026-07-16 03:19:27.557119
76,Brandon Hayes,Chennai,Net Banking,Processing,2026-07-16 03:19:27.557176
77,April Shaw,Chennai,Card,Processing,2026-07-16 03:19:27.557233
78,Sherry Goodman,Bangalore,UPI,Processing,2026-07-16 03:19:27.557294
79,Ryan Harris,Delhi,UPI,Processing,2026-07-16 03:19:27.557352
80,Brandon Smith,Hyderabad,UPI,Processing,2026-07-16 03:19:27.557411
81,Nicole Cline,Chennai,UPI,Processing,2026-07-16 03:19:27.557471
82,Monica Wolfe,Delhi,Card,Processing,2026-07-16 03:19:27.557537
83,Kelsey Castro,Bangalore,UPI,Processing,2026-07-16 03:19:27.557598
84,Joanne Cooper,Delhi,UPI,Processing,2026-07-16 03:19:27.557660
85,Danielle Rivera,Bangalore,Card,Processing,2026-07-16 03:19:27.557720
86,Betty Steele,Bangalore,Net Banking,Processing,2026-07-16 03:19:27.557780
87,Brittany Ponce,Bangalore,UPI,Processing,2026-07-16 03:19:27.557839
88,Stephanie Reese,Delhi,Net Banking,Processing,2026-07-16 03:19:27.557897
89,Joe Howard,Bangalore,Net Banking,Processing,2026-07-16 03:19:27.557956
90,Shirley Lewis,Mumbai,Net Banking,Processing,2026-07-16 03:19:27.558030
91,Gwendolyn Howard,Mumbai,UPI,Processing,2026-07-16 03:19:27.558093
92,Catherine Melton PhD,Chennai,UPI,Processing,2026-07-16 03:19:27.558157
93,George Reyes,Bangalore,Card,Processing,2026-07-16 03:19:27.558217
94,Daniel Simmons,Hyderabad,UPI,Processing,2026-07-16 03:19:27.558277
95,Shaun Gibson,Bangalore,Card,Processing,2026-07-16 03:19:27.558336
96,Anthony Diaz,Bangalore,UPI,Processing,2026-07-16 03:19:27.558392
97,Laura Best,Delhi,Net Banking,Processing,2026-07-16 03:19:27.558449
98,Jeffrey Marshall,Hyderabad,Card,Processing,2026-07-16 03:19:27.558505
99,Nancy Cross,Mumbai,Card,Processing,2026-07-16 03:19:27.558562
100,Melissa Collins,Mumbai,UPI,Processing,2026-07-16 03:19:27.558619
101,Jessica Brewer,Bangalore,Card,Processing,2026-07-16 03:19:27.558681
102,Steven Mccarthy,Delhi,UPI,Processing,2026-07-16 03:19:27.558740
103,Kevin Miller,Hyderabad,Net Banking,Processing,2026-07-16 03:19:27.558798
104,Brooke Charles,Bangalore,UPI,Processing,2026-07-16 03:19:27.558856
105,Tyler Miller,Hyderabad,Card,Processing,2026-07-16 03:19:27.558913
106,Stephen Watts,Hyderabad,Net Banking,Processing,2026-07-16 03:19:27.558970
107,Amy Faulkner,Bangalore,Card,Processing,2026-07-16 03:19:27.559028
108,Steven Montoya,Hyderabad,Net Banking,Processing,2026-07-16 03:19:27.559084
109,Michael Lopez,Hyderabad,Net Banking,Processing,2026-07-16 03:19:27.559141
110,Henry Nelson,Hyderabad,Card,Processing,2026-07-16 03:19:27.559197
111,Anthony Hanson,Bangalore,UPI,Processing,2026-07-16 03:19:27.559253
112,Reginald Moore,Bangalore,Card,Processing,2026-07-16 03:19:27.559309
113,Joshua Robertson,Mumbai,UPI,Processing,2026-07-16 03:19:27.559366
114,Michael Webb,Mumbai,Card,Processing,2026-07-16 03:19:27.559422
115,Mary Martinez,Mumbai,Card,Processing,2026-07-16 03:19:27.559480
116,Pam Martin,Chennai,Card,Processing,2026-07-16 03:19:27.559537
117,Anne Ortiz,Hyderabad,Card,Processing,2026-07-16 03:19:27.559594
118,Gregory Martinez,Mumbai,Net Banking,Processing,2026-07-16 03:19:27.559651
119,Mary Romero,Hyderabad,UPI,Processing,2026-07-16 03:19:27.559708
120,Steven Duncan,Hyderabad,UPI,Processing,2026-07-16 03:19:27.559764
121,Andrea Mccoy,Chennai,UPI,Processing,2026-07-16 03:19:27.559823
122,Jill Burke,Bangalore,Card,Processing,2026-07-16 03:19:27.559879
123,Ryan Serrano,Mumbai,Card,Processing,2026-07-16 03:19:27.559934
124,Matthew Leblanc,Mumbai,Card,Processing,2026-07-16 03:19:27.559989
125,Andrew Campbell,Chennai,Net Banking,Processing,2026-07-16 03:19:27.560044
126,Cathy Jones,Bangalore,UPI,Processing,2026-07-16 03:19:27.560102
127,Randall Freeman,Mumbai,UPI,Processing,2026-07-16 03:19:27.560158
128,John Garcia,Chennai,Net Banking,Processing,2026-07-16 03:19:27.560216
129,Christopher Vaughn,Delhi,Net Banking,Processing,2026-07-16 03:19:27.560274
130,Amber Harris,Delhi,UPI,Processing,2026-07-16 03:19:27.560331
131,Daniel Hill,Bangalore,Net Banking,Processing,2026-07-16 03:19:27.560388
132,Shelly Anderson,Mumbai,Card,Processing,2026-07-16 03:19:27.560453
133,Jeff Barton,Delhi,Net Banking,Processing,2026-07-16 03:19:27.560512
134,Joseph Perez,Mumbai,Net Banking,Processing,2026-07-16 03:19:27.560572
135,Tony Davis,Bangalore,Card,Processing,2026-07-16 03:19:27.560631
136,Jared Cuevas,Chennai,Net Banking,Processing,2026-07-16 03:19:27.560691
137,Kendra Mccarty,Chennai,Net Banking,Processing,2026-07-16 03:19:27.560749
138,Victoria Marshall,Mumbai,Card,Processing,2026-07-16 03:19:27.560807
139,Anita Ferrell,Chennai,Card,Processing,2026-07-16 03:19:27.560866
140,Rebecca Wright,Mumbai,Net Banking,Processing,2026-07-16 03:19:27.560925
141,Rachel Rangel,Chennai,Card,Processing,2026-07-16 03:19:27.560985
142,Leonard Burton,Bangalore,UPI,Processing,2026-07-16 03:19:27.561043
143,Pamela Ayers,Bangalore,Net Banking,Processing,2026-07-16 03:19:27.561102
144,Jessica Horn,Chennai,Card,Processing,2026-07-16 03:19:27.561161
145,Alyssa Carter,Hyderabad,UPI,Processing,2026-07-16 03:19:27.561220
146,Craig Parker,Delhi,UPI,Processing,2026-07-16 03:19:27.561279
147,Jennifer Hudson,Chennai,UPI,Processing,2026-07-16 03:19:27.561338
148,Hannah Harris,Delhi,UPI,Processing,2026-07-16 03:19:27.561398
149,Daniel Evans,Delhi,Net Banking,Processing,2026-07-16 03:19:27.561455
150,Matthew Pena,Bangalore,Card,Processing,2026-07-16 03:19:27.561513
151,Elizabeth Perry,Delhi,Card,Processing,2026-07-16 03:19:27.561571
152,Benjamin Rodgers,Mumbai,Card,Processing,2026-07-16 03:19:27.561627
153,Kelly Hayes,Chennai,Net Banking,Processing,2026-07-16 03:19:27.561683
154,Brent Rios,Mumbai,UPI,Processing,2026-07-16 03:19:27.561739
155,Jorge Wood,Mumbai,Card,Processing,2026-07-16 03:19:27.561798
156,Robert Anderson,Hyderabad,UPI,Processing,2026-07-16 03:19:27.561859
157,Derrick Greene,Hyderabad,Net Banking,Processing,2026-07-16 03:19:27.562008
158,Samantha Miller,Mumbai,Net Banking,Processing,2026-07-16 03:19:27.562089
159,Krystal Andrade,Delhi,Card,Processing,2026-07-16 03:19:27.562155
160,Amy Williams,Mumbai,Card,Processing,2026-07-16 03:19:27.562265
161,Aaron Warner,Chennai,UPI,Processing,2026-07-16 03:19:27.562349
162,Blake Perry MD,Chennai,Card,Processing,2026-07-16 03:19:27.562421
163,Jessica Reed,Chennai,Card,Processing,2026-07-16 03:19:27.562484
164,Erica Andrews,Hyderabad,UPI,Processing,2026-07-16 03:19:27.562546
165,Donald Torres,Bangalore,UPI,Processing,2026-07-16 03:19:27.562607
166,Lisa Beard,Bangalore,Card,Processing,2026-07-16 03:19:27.562670
167,Michael Allen,Hyderabad,Card,Processing,2026-07-16 03:19:27.562730
168,Emily Johnston,Delhi,Card,Processing,2026-07-16 03:19:27.562789
169,Kristie Ellis,Hyderabad,Net Banking,Processing,2026-07-16 03:19:27.562849
170,Dylan Ruiz,Chennai,UPI,Processing,2026-07-16 03:19:27.562907
171,Susan Snyder,Delhi,Net Banking,Processing,2026-07-16 03:19:27.562966
172,Jerry Murphy,Hyderabad,UPI,Processing,2026-07-16 03:19:27.563024
173,Summer Gallegos,Mumbai,UPI,Processing,2026-07-16 03:19:27.563084
174,Daniel Chang,Hyderabad,Net Banking,Processing,2026-07-16 03:19:27.563142
175,Cynthia Burton,Bangalore,Card,Processing,2026-07-16 03:19:27.563201
176,Melissa Medina,Chennai,Card,Processing,2026-07-16 03:19:27.563258
177,Patricia Gutierrez,Chennai,UPI,Processing,2026-07-16 03:19:27.563320
178,Joseph Jackson,Mumbai,Card,Processing,2026-07-16 03:19:27.563379
179,Melvin Smith,Mumbai,Card,Processing,2026-07-16 03:19:27.563438
180,Elizabeth Taylor,Hyderabad,UPI,Processing,2026-07-16 03:19:27.563500
181,Daniel Silva DDS,Delhi,UPI,Processing,2026-07-16 03:19:27.563567
182,Samuel Bridges,Chennai,Net Banking,Processing,2026-07-16 03:19:27.563639
183,James Gilmore,Delhi,Net Banking,Processing,2026-07-16 03:19:27.563700
184,Vanessa Duncan,Delhi,Net Banking,Processing,2026-07-16 03:19:27.563761
185,Brooke Wilson,Delhi,Net Banking,Processing,2026-07-16 03:19:27.563821
186,Jesus Hamilton,Mumbai,Card,Processing,2026-07-16 03:19:27.563881
187,Michael Foster,Hyderabad,Net Banking,Processing,2026-07-16 03:19:27.563940
188,Joshua Hicks,Mumbai,Net Banking,Processing,2026-07-16 03:19:27.563999
189,Julie Lawson,Hyderabad,UPI,Processing,2026-07-16 03:19:27.564058
190,Joyce Baker,Chennai,Card,Processing,2026-07-16 03:19:27.564119
191,Wanda Randolph,Mumbai,Net Banking,Processing,2026-07-16 03:19:27.564178
192,Melvin Fisher,Mumbai,Card,Processing,2026-07-16 03:19:27.564238
193,Dawn Mckenzie,Mumbai,Card,Processing,2026-07-16 03:19:27.564297
194,David Barnes,Delhi,UPI,Processing,2026-07-16 03:19:27.564355
195,Christopher Medina,Bangalore,Card,Processing,2026-07-16 03:19:27.564416
196,Emily Mccarthy,Hyderabad,Net Banking,Processing,2026-07-16 03:19:27.564478
197,Jeremiah Hamilton,Chennai,UPI,Processing,2026-07-16 03:19:27.564536
198,Timothy Jones,Hyderabad,UPI,Processing,2026-07-16 03:19:27.564594
199,Mary Mason,Bangalore,UPI,Processing,2026-07-16 03:19:27.564655
200,Mary Patton,Bangalore,Card,Processing,2026-07-16 03:19:27.564714
201,Emily Robbins,Hyderabad,UPI,Processing,2026-07-16 03:19:27.564772
202,Anthony Mccall,Delhi,Card,Processing,2026-07-16 03:19:27.564830
203,Laura Scott,Hyderabad,Card,Processing,2026-07-16 03:19:27.564888
204,Stacey Parks,Chennai,Net Banking,Processing,2026-07-16 03:19:27.564948
205,Jaime Williams,Bangalore,UPI,Processing,2026-07-16 03:19:27.565007
206,Lindsay Reilly,Mumbai,Net Banking,Processing,2026-07-16 03:19:27.565068
207,Christopher Jones,Delhi,UPI,Processing,2026-07-16 03:19:27.565127
208,Joy Miller,Delhi,Card,Processing,2026-07-16 03:19:27.565186
209,Steven Smith,Hyderabad,Card,Processing,2026-07-16 03:19:27.565245
210,Jorge Diaz,Bangalore,Net Banking,Processing,2026-07-16 03:19:27.565303
211,Kevin Cordova,Delhi,UPI,Processing,2026-07-16 03:19:27.565362
212,Jenny Delgado,Bangalore,UPI,Processing,2026-07-16 03:19:27.565422
213,Todd Hartman,Delhi,Card,Processing,2026-07-16 03:19:27.565481
214,Vincent Reynolds,Chennai,Net Banking,Processing,2026-07-16 03:19:27.565541
215,Nicole Simpson,Mumbai,UPI,Processing,2026-07-16 03:19:27.565608
216,Danielle Rollins,Bangalore,Net Banking,Processing,2026-07-16 03:19:27.565670
217,Mr. David Allen,Chennai,UPI,Processing,2026-07-16 03:19:27.566115
218,John Ford Jr.,Delhi,UPI,Processing,2026-07-16 03:19:27.566226
219,Kevin Fernandez,Bangalore,UPI,Processing,2026-07-16 03:19:27.566292
220,Nicole Cook,Chennai,Card,Processing,2026-07-16 03:19:27.566363
221,Justin Hogan,Bangalore,Net Banking,Processing,2026-07-16 03:19:27.566430
222,Michael Sanchez,Bangalore,Net Banking,Processing,2026-07-16 03:19:27.566502
223,Sara Garcia,Delhi,Card,Processing,2026-07-16 03:19:27.566573
224,Christopher Mathis,Mumbai,Net Banking,Processing,2026-07-16 03:19:27.566642
225,Misty Barrera,Mumbai,Card,Processing,2026-07-16 03:19:27.566711
226,Casey Maldonado,Delhi,UPI,Processing,2026-07-16 03:19:27.566781
227,Willie Williams,Delhi,Net Banking,Processing,2026-07-16 03:19:27.566852
228,Dawn Levine,Chennai,Net Banking,Processing,2026-07-16 03:19:27.566923
229,Ashley Atkinson,Bangalore,UPI,Processing,2026-07-16 03:19:27.566997
230,Evan Barajas,Bangalore,Card,Processing,2026-07-16 03:19:27.567070
231,Ryan Hall,Bangalore,Card,Processing,2026-07-16 03:19:27.567132
232,Robert Snyder,Delhi,UPI,Processing,2026-07-16 03:19:27.567192
233,Heather Sanchez,Hyderabad,Card,Processing,2026-07-16 03:19:27.567252
234,Jill Baker,Delhi,UPI,Processing,2026-07-16 03:19:27.567311
235,Jason Ward,Hyderabad,Card,Processing,2026-07-16 03:19:27.567371
236,Scott Rodriguez,Bangalore,Card,Processing,2026-07-16 03:19:27.567432
237,Mary Parker,Hyderabad,Card,Processing,2026-07-16 03:19:27.567516
238,Christina Garcia,Chennai,Net Banking,Processing,2026-07-16 03:19:27.567580
239,Jason Richard,Hyderabad,UPI,Processing,2026-07-16 03:19:27.567639
240,Amy Best,Bangalore,Net Banking,Processing,2026-07-16 03:19:27.567698
241,Cody Wilkinson,Bangalore,Net Banking,Processing,2026-07-16 03:19:27.567771
242,William Kim,Delhi,Net Banking,Processing,2026-07-16 03:19:27.567940
243,Shannon Curry,Bangalore,Net Banking,Processing,2026-07-16 03:19:27.568111
244,Michael Young,Chennai,Card,Processing,2026-07-16 03:19:27.568285
245,Beverly Booth,Delhi,UPI,Processing,2026-07-16 03:19:27.568472
246,Sarah Morgan,Chennai,Card,Processing,2026-07-16 03:19:27.568656
247,Keith Collins,Hyderabad,UPI,Processing,2026-07-16 03:19:27.568902
248,William Lewis,Hyderabad,Net Banking,Processing,2026-07-16 03:19:27.569399
249,Tyler Alexander,Delhi,Card,Processing,2026-07-16 03:19:27.569813
250,Terry Conley,Chennai,UPI,Processing,2026-07-16 03:19:27.570161
251,Jeffrey Walters,Chennai,UPI,Processing,2026-07-16 03:19:27.570464
252,Kathleen Martinez,Delhi,Net Banking,Processing,2026-07-16 03:19:27.570732
253,Katie Hanson,Delhi,UPI,Processing,2026-07-16 03:19:27.571010
254,Maria Williams,Chennai,Net Banking,Processing,2026-07-16 03:19:27.571275
255,Joseph Mason,Bangalore,Net Banking,Processing,2026-07-16 03:19:27.571568
256,Aaron Stanton,Chennai,UPI,Processing,2026-07-16 03:19:27.571848
257,Timothy Young,Delhi,Card,Processing,2026-07-16 03:19:27.572130
258,Carlos Harris,Delhi,UPI,Processing,2026-07-16 03:19:27.572406
259,James Kelly,Bangalore,Net Banking,Processing,2026-07-16 03:19:27.572699
260,Mathew Santos,Mumbai,UPI,Processing,2026-07-16 03:19:27.573020
261,Chad Cruz,Delhi,Net Banking,Processing,2026-07-16 03:19:27.573371
262,John Anthony,Delhi,Net Banking,Processing,2026-07-16 03:19:27.573752
263,Jack Sims,Delhi,Card,Processing,2026-07-16 03:19:27.574100
264,Christopher Hunter,Chennai,UPI,Processing,2026-07-16 03:19:27.574436
265,Craig Holland,Bangalore,Card,Processing,2026-07-16 03:19:27.574677
266,Anthony Hunter,Chennai,UPI,Processing,2026-07-16 03:19:27.574860
267,Theresa Weber,Delhi,UPI,Processing,2026-07-16 03:19:27.575047
268,Kari Brown,Chennai,Card,Processing,2026-07-16 03:19:27.575227
269,John Lin,Mumbai,Card,Processing,2026-07-16 03:19:27.575401
270,Amy Butler,Delhi,Net Banking,Processing,2026-07-16 03:19:27.575600
271,Gregory Leblanc,Mumbai,UPI,Processing,2026-07-16 03:19:27.575976
272,Kristy Allison,Hyderabad,Net Banking,Processing,2026-07-16 03:19:27.576230
273,Sarah Curry,Chennai,Card,Processing,2026-07-16 03:19:27.576319
274,Brian Ortega,Delhi,Net Banking,Processing,2026-07-16 03:19:27.576420
275,Melissa Johnson DDS,Hyderabad,UPI,Processing,2026-07-16 03:19:27.576490
276,Evelyn Huff,Hyderabad,Net Banking,Processing,2026-07-16 03:19:27.576550
277,Christina Pena,Hyderabad,Card,Processing,2026-07-16 03:19:27.576610
278,Dr. Kelly Fisher,Delhi,UPI,Processing,2026-07-16 03:19:27.576677
279,James Hammond,Bangalore,UPI,Processing,2026-07-16 03:19:27.576736
280,Joseph Greene,Mumbai,Card,Processing,2026-07-16 03:19:27.576795
281,Regina Johnson,Chennai,Card,Processing,2026-07-16 03:19:27.576854
282,Dustin Davis,Delhi,Card,Processing,2026-07-16 03:19:27.576911
283,Victoria Hayes,Chennai,Card,Processing,2026-07-16 03:19:27.576970
284,Michael Hill,Hyderabad,UPI,Processing,2026-07-16 03:19:27.577029
285,Matthew Robles,Mumbai,Net Banking,Processing,2026-07-16 03:19:27.577087
286,Maria Roberts,Chennai,Net Banking,Processing,2026-07-16 03:19:27.577144
287,Lori Warner,Bangalore,Net Banking,Processing,2026-07-16 03:19:27.577202
288,Anna Turner,Delhi,Net Banking,Processing,2026-07-16 03:19:27.577258
289,Peter Robinson,Hyderabad,Card,Processing,2026-07-16 03:19:27.577313
290,Jonathan Oconnor,Bangalore,Net Banking,Processing,2026-07-16 03:19:27.577371
291,John Pugh,Mumbai,UPI,Processing,2026-07-16 03:19:27.577431
292,Mark Gomez,Hyderabad,UPI,Processing,2026-07-16 03:19:27.577488
293,Rachel Johnson,Chennai,UPI,Processing,2026-07-16 03:19:27.577555
294,Brian Adkins,Hyderabad,UPI,Processing,2026-07-16 03:19:27.577616
295,Mary Browning,Delhi,Net Banking,Processing,2026-07-16 03:19:27.577674
296,Angelica James,Chennai,Card,Processing,2026-07-16 03:19:27.577731
297,Leonard Hale,Mumbai,Card,Processing,2026-07-16 03:19:27.577787
298,Donald Ortega,Hyderabad,UPI,Processing,2026-07-16 03:19:27.577843
299,Amy Johnson,Chennai,UPI,Processing,2026-07-16 03:19:27.577900
300,Michael Stein,Bangalore,Card,Processing,2026-07-16 03:19:27.577957
301,Kyle Guzman,Mumbai,UPI,Processing,2026-07-16 03:19:27.578014
302,Robert Johnson,Hyderabad,Card,Processing,2026-07-16 03:19:27.578070
303,Cassandra Jensen,Delhi,Net Banking,Processing,2026-07-16 03:19:27.578126
304,Erin Fisher,Delhi,Card,Processing,2026-07-16 03:19:27.578185
305,John Ramirez,Hyderabad,Net Banking,Processing,2026-07-16 03:19:27.578242
306,Jessica Wheeler,Delhi,Net Banking,Processing,2026-07-16 03:19:27.578301
307,Raymond Morris,Mumbai,Net Banking,Processing,2026-07-16 03:19:27.578359
308,Courtney Martin,Chennai,UPI,Processing,2026-07-16 03:19:27.578417
309,Timothy Woods,Chennai,Net Banking,Processing,2026-07-16 03:19:27.578476
310,Amanda Green,Hyderabad,Card,Processing,2026-07-16 03:19:27.578534
311,Ryan Calderon,Chennai,Card,Processing,2026-07-16 03:19:27.578592
312,Lindsay Evans,Mumbai,Card,Processing,2026-07-16 03:19:27.578651
313,Gregory Michael,Mumbai,UPI,Processing,2026-07-16 03:19:27.578707
314,Mr. Daniel Duffy,Bangalore,Card,Processing,2026-07-16 03:19:27.578768
315,Aaron Brooks,Delhi,Card,Processing,2026-07-16 03:19:27.578826
316,Thomas Murray,Delhi,UPI,Processing,2026-07-16 03:19:27.578895
317,Anthony Johnson,Delhi,Net Banking,Processing,2026-07-16 03:19:27.578955
318,Lisa Hale,Hyderabad,Net Banking,Processing,2026-07-16 03:19:27.579014
319,Matthew Phillips,Chennai,Card,Processing,2026-07-16 03:19:27.579073
320,Robert Gill,Mumbai,Card,Processing,2026-07-16 03:19:27.579133
321,Michael Thomas,Bangalore,Net Banking,Processing,2026-07-16 03:19:27.579191
322,David Beard,Chennai,Card,Processing,2026-07-16 03:19:27.579249
323,Lisa White,Bangalore,Net Banking,Processing,2026-07-16 03:19:27.579310
324,Leslie Small,Chennai,Card,Processing,2026-07-16 03:19:27.579369
325,Jonathan Rodriguez,Chennai,Net Banking,Processing,2026-07-16 03:19:27.579428
326,Dustin Farley,Delhi,Card,Processing,2026-07-16 03:19:27.579487
327,Cynthia Weaver,Hyderabad,UPI,Processing,2026-07-16 03:19:27.579545
328,Mary King,Chennai,Net Banking,Processing,2026-07-16 03:19:27.579610
329,James Dominguez,Bangalore,Card,Processing,2026-07-16 03:19:27.579669
330,Yvette Browning,Chennai,UPI,Processing,2026-07-16 03:19:27.579727
331,Larry Rasmussen,Hyderabad,Net Banking,Processing,2026-07-16 03:19:27.579785
332,Sabrina Cunningham,Bangalore,Net Banking,Processing,2026-07-16 03:19:27.579844
333,Tracey Morris,Bangalore,UPI,Processing,2026-07-16 03:19:27.579902
334,Christopher Brown,Mumbai,UPI,Processing,2026-07-16 03:19:27.579961
335,Wendy Shepard,Bangalore,Card,Processing,2026-07-16 03:19:27.580022
336,Lisa Meza,Delhi,Card,Processing,2026-07-16 03:19:27.580080
337,Thomas Sanchez,Delhi,Net Banking,Processing,2026-07-16 03:19:27.580140
338,Angela Hancock,Chennai,UPI,Processing,2026-07-16 03:19:27.580197
339,James Mendez,Delhi,Card,Processing,2026-07-16 03:19:27.580253
340,Jeffrey Perez,Hyderabad,UPI,Processing,2026-07-16 03:19:27.580309
341,Jessica Rios,Chennai,Card,Processing,2026-07-16 03:19:27.580367
342,Christine Fisher,Mumbai,Net Banking,Processing,2026-07-16 03:19:27.580425
343,Steven Garcia,Chennai,Card,Processing,2026-07-16 03:19:27.580482
344,Joan Peck,Chennai,Card,Processing,2026-07-16 03:19:27.580539
345,Timothy Ball,Hyderabad,Card,Processing,2026-07-16 03:19:27.580597
346,Amy Morris,Delhi,Net Banking,Processing,2026-07-16 03:19:27.580656
347,Malik Thompson,Mumbai,Net Banking,Processing,2026-07-16 03:19:27.580716
348,Jason Duncan,Hyderabad,UPI,Processing,2026-07-16 03:19:27.580774
349,Sarah Johnson,Chennai,Net Banking,Processing,2026-07-16 03:19:27.580834
350,Jacob Kim,Mumbai,Card,Processing,2026-07-16 03:19:27.580891
351,Justin Martinez DDS,Delhi,Net Banking,Processing,2026-07-16 03:19:27.580952
352,Stephanie Gray,Mumbai,UPI,Processing,2026-07-16 03:19:27.581011
353,Stacey Matthews,Bangalore,Net Banking,Processing,2026-07-16 03:19:27.581069
354,Becky Goodwin,Hyderabad,Card,Processing,2026-07-16 03:19:27.581128
355,Joseph Koch,Hyderabad,Card,Processing,2026-07-16 03:19:27.581186
356,Chad Johnston,Delhi,Net Banking,Processing,2026-07-16 03:19:27.581244
357,Shelby Taylor,Delhi,Card,Processing,2026-07-16 03:19:27.581307
358,Luis Wells,Hyderabad,UPI,Processing,2026-07-16 03:19:27.581366
359,Erika Hogan,Hyderabad,UPI,Processing,2026-07-16 03:19:27.581426
360,Michael Townsend,Chennai,Net Banking,Processing,2026-07-16 03:19:27.581484
361,Jimmy Torres,Hyderabad,Card,Processing,2026-07-16 03:19:27.581542
362,Angela Jackson,Delhi,Net Banking,Processing,2026-07-16 03:19:27.581601
363,Shawn Smith,Mumbai,Card,Processing,2026-07-16 03:19:27.581659
364,Angela Parker,Delhi,UPI,Processing,2026-07-16 03:19:27.581721
365,Elizabeth Simpson,Delhi,Card,Processing,2026-07-16 03:19:27.581784
366,John White,Bangalore,Card,Processing,2026-07-16 03:19:27.581845
367,Dr. Allison Fox,Mumbai,Card,Processing,2026-07-16 03:19:27.581908
368,Victoria Stone,Bangalore,Net Banking,Processing,2026-07-16 03:19:27.581966
369,Tyler Huerta,Mumbai,UPI,Processing,2026-07-16 03:19:27.582023
370,Jennifer Mullins DVM,Delhi,UPI,Processing,2026-07-16 03:19:27.582084
371,Isaac Hawkins,Bangalore,UPI,Processing,2026-07-16 03:19:27.582141
372,Samantha Howard,Chennai,UPI,Processing,2026-07-16 03:19:27.582200
373,Ashley Washington,Mumbai,UPI,Processing,2026-07-16 03:19:27.582258
374,April Richardson,Delhi,Card,Processing,2026-07-16 03:19:27.582326
375,Patrick Cox,Bangalore,Card,Processing,2026-07-16 03:19:27.582422
376,Samantha Patrick,Hyderabad,Card,Processing,2026-07-16 03:19:27.582519
377,Douglas Hamilton,Delhi,Card,Processing,2026-07-16 03:19:27.582704
378,Sarah Vang,Bangalore,Net Banking,Processing,2026-07-16 03:19:27.582812
379,Brian Wilson,Hyderabad,Card,Processing,2026-07-16 03:19:27.582888
380,Bonnie Cox,Chennai,UPI,Processing,2026-07-16 03:19:27.582954
381,Christian Arnold,Mumbai,Net Banking,Processing,2026-07-16 03:19:27.583129
382,Samantha James,Delhi,Card,Processing,2026-07-16 03:19:27.583207
383,Regina Goodwin,Bangalore,Card,Processing,2026-07-16 03:19:27.583268
384,Roger Wade,Mumbai,Net Banking,Processing,2026-07-16 03:19:27.583330
385,Christian Adams,Bangalore,Card,Processing,2026-07-16 03:19:27.583389
386,Jose Kane,Hyderabad,Net Banking,Processing,2026-07-16 03:19:27.583448
387,Amanda Wheeler,Hyderabad,Net Banking,Processing,2026-07-16 03:19:27.583511
388,Luis Manning,Mumbai,UPI,Processing,2026-07-16 03:19:27.583570
389,Tiffany Walters,Bangalore,Net Banking,Processing,2026-07-16 03:19:27.583631
390,Joshua Ramirez,Delhi,Net Banking,Processing,2026-07-16 03:19:27.583697
391,Patricia Mayer,Delhi,UPI,Processing,2026-07-16 03:19:27.583769
392,Russell Robinson,Delhi,Card,Processing,2026-07-16 03:19:27.583834
393,Justin Moore,Bangalore,Card,Processing,2026-07-16 03:19:27.583897
394,Jill Jenkins,Chennai,Card,Processing,2026-07-16 03:19:27.583961
395,Taylor Donovan,Delhi,Net Banking,Processing,2026-07-16 03:19:27.584025
396,Jasmine Williams,Hyderabad,Net Banking,Processing,2026-07-16 03:19:27.584088
397,Stuart Dean,Delhi,UPI,Processing,2026-07-16 03:19:27.584148
398,Jennifer Gray,Chennai,UPI,Processing,2026-07-16 03:19:27.584210
399,Patricia Barnes,Mumbai,Net Banking,Processing,2026-07-16 03:19:27.584272
400,Rachel Cruz,Hyderabad,UPI,Processing,2026-07-16 03:19:27.584333
401,Patricia Miller,Chennai,UPI,Processing,2026-07-16 03:19:27.584393
402,Ronnie Gallagher,Hyderabad,Net Banking,Processing,2026-07-16 03:19:27.584457
403,Sandra Kirk,Bangalore,UPI,Processing,2026-07-16 03:19:27.584515
404,David Baker,Bangalore,UPI,Processing,2026-07-16 03:19:27.584572
405,Julie Quinn,Mumbai,Card,Processing,2026-07-16 03:19:27.584643
406,Kim Rodriguez,Delhi,UPI,Processing,2026-07-16 03:19:27.584702
407,Oscar Day,Mumbai,Card,Processing,2026-07-16 03:19:27.584760
408,Stephanie Riggs,Bangalore,UPI,Processing,2026-07-16 03:19:27.584818
409,Dawn Jimenez,Delhi,UPI,Processing,2026-07-16 03:19:27.584876
410,Carolyn Wilson,Bangalore,UPI,Processing,2026-07-16 03:19:27.584934
411,Grace Diaz,Mumbai,Card,Processing,2026-07-16 03:19:27.584992
412,Andrea Hernandez,Chennai,Net Banking,Processing,2026-07-16 03:19:27.585051
413,Kimberly Henderson,Mumbai,Net Banking,Processing,2026-07-16 03:19:27.585108
414,Ronald Miller,Delhi,Card,Processing,2026-07-16 03:19:27.585165
415,Jennifer Parks,Delhi,Net Banking,Processing,2026-07-16 03:19:27.585223
416,Bryan Reed,Delhi,UPI,Processing,2026-07-16 03:19:27.585279
417,Jeremiah White,Chennai,Card,Processing,2026-07-16 03:19:27.585336
418,Matthew Dean,Mumbai,Net Banking,Processing,2026-07-16 03:19:27.585394
419,Marcia West,Chennai,UPI,Processing,2026-07-16 03:19:27.585451
420,Angela Hawkins,Hyderabad,Net Banking,Processing,2026-07-16 03:19:27.585508
421,Michael Riley,Delhi,UPI,Processing,2026-07-16 03:19:27.585565
422,Paula Fox,Chennai,Net Banking,Processing,2026-07-16 03:19:27.585622
423,Ronald Howell,Mumbai,Card,Processing,2026-07-16 03:19:27.585680
424,Elizabeth Irwin,Hyderabad,Card,Processing,2026-07-16 03:19:27.585736
425,Neil Flowers,Bangalore,Net Banking,Processing,2026-07-16 03:19:27.585793
426,Michael Collins,Mumbai,Card,Processing,2026-07-16 03:19:27.585849
427,Carrie Ward,Hyderabad,UPI,Processing,2026-07-16 03:19:27.585906
428,Jessica Perry,Hyderabad,UPI,Processing,2026-07-16 03:19:27.585963
429,Tabitha Davis,Chennai,Card,Processing,2026-07-16 03:19:27.586020
430,Edward Scott,Delhi,UPI,Processing,2026-07-16 03:19:27.586077
431,Jason Martinez,Hyderabad,Card,Processing,2026-07-16 03:19:27.586134
432,Jeffrey Cummings,Mumbai,Net Banking,Processing,2026-07-16 03:19:27.586192
433,Amy Willis,Mumbai,Net Banking,Processing,2026-07-16 03:19:27.586248
434,Joseph Ramirez,Chennai,Net Banking,Processing,2026-07-16 03:19:27.586304
435,Brandy Parsons,Chennai,Card,Processing,2026-07-16 03:19:27.586362
436,Morgan Lewis,Chennai,Card,Processing,2026-07-16 03:19:27.586421
437,Sylvia Walsh,Bangalore,Net Banking,Processing,2026-07-16 03:19:27.586479
438,Laurie Lyons,Chennai,UPI,Processing,2026-07-16 03:19:27.586537
439,John Carey,Delhi,Net Banking,Processing,2026-07-16 03:19:27.586594
440,Arthur Jones,Bangalore,Card,Processing,2026-07-16 03:19:27.586659
441,Christopher Stephenson,Chennai,Card,Processing,2026-07-16 03:19:27.586719
442,Marissa Wilson,Mumbai,Net Banking,Processing,2026-07-16 03:19:27.586776
443,Kelsey Richards,Bangalore,Card,Processing,2026-07-16 03:19:27.586834
444,Christopher Frost,Delhi,UPI,Processing,2026-07-16 03:19:27.586891
445,Virginia Todd,Delhi,Card,Processing,2026-07-16 03:19:27.586950
446,Rachael Mooney,Delhi,Net Banking,Processing,2026-07-16 03:19:27.587009
447,Lori Taylor,Bangalore,UPI,Processing,2026-07-16 03:19:27.587080
448,Lisa Leonard,Delhi,Card,Processing,2026-07-16 03:19:27.587139
449,Jason Sanders,Mumbai,Net Banking,Processing,2026-07-16 03:19:27.587198
450,Michael Lee MD,Chennai,UPI,Processing,2026-07-16 03:19:27.587260
451,Kim Myers,Delhi,UPI,Processing,2026-07-16 03:19:27.587319
452,Jacob Clark,Chennai,UPI,Processing,2026-07-16 03:19:27.587377
453,Brandon Cantu,Delhi,Net Banking,Processing,2026-07-16 03:19:27.587434
454,Carrie Sanchez,Mumbai,Card,Processing,2026-07-16 03:19:27.587492
455,Angie Brown,Delhi,Net Banking,Processing,2026-07-16 03:19:27.587548
456,Jessica Reed,Chennai,Card,Processing,2026-07-16 03:19:27.587605
457,Kara Blackburn,Bangalore,UPI,Processing,2026-07-16 03:19:27.587677
458,Ashley Vargas,Hyderabad,Net Banking,Processing,2026-07-16 03:19:27.587738
459,Kevin Miller,Chennai,Card,Processing,2026-07-16 03:19:27.587796
460,Fred Montoya,Delhi,Net Banking,Processing,2026-07-16 03:19:27.587853
461,Jose Gonzalez,Bangalore,Card,Processing,2026-07-16 03:19:27.587912
462,Thomas Wolfe,Chennai,Net Banking,Processing,2026-07-16 03:19:27.587970
463,Anthony Ward,Bangalore,Net Banking,Processing,2026-07-16 03:19:27.588028
464,Logan Kirby,Mumbai,UPI,Processing,2026-07-16 03:19:27.588086
465,James Gordon,Hyderabad,Net Banking,Processing,2026-07-16 03:19:27.588142
466,Richard Nichols,Delhi,Card,Processing,2026-07-16 03:19:27.588198
467,Mrs. Gabriela Stark DVM,Hyderabad,Net Banking,Processing,2026-07-16 03:19:27.588263
468,Aaron Caldwell,Chennai,Net Banking,Processing,2026-07-16 03:19:27.588318
469,Matthew Cole,Mumbai,UPI,Processing,2026-07-16 03:19:27.588380
470,Gail Garcia,Hyderabad,Card,Processing,2026-07-16 03:19:27.588439
471,Bradley Moore,Delhi,Card,Processing,2026-07-16 03:19:27.588496
472,Sean Franklin,Bangalore,Net Banking,Processing,2026-07-16 03:19:27.588552
473,Judith Little MD,Chennai,Net Banking,Processing,2026-07-16 03:19:27.588611
474,Bradley Moore,Bangalore,Net Banking,Processing,2026-07-16 03:19:27.588668
475,Mackenzie Hammond,Delhi,Card,Processing,2026-07-16 03:19:27.588726
476,Darrell Conway,Chennai,UPI,Processing,2026-07-16 03:19:27.588783
477,Patricia Hall,Mumbai,Net Banking,Processing,2026-07-16 03:19:27.588841
478,Lisa Burnett,Delhi,Card,Processing,2026-07-16 03:19:27.588900
479,George Combs,Hyderabad,Net Banking,Processing,2026-07-16 03:19:27.588957
480,Sydney Welch,Bangalore,Card,Processing,2026-07-16 03:19:27.589024
481,Lauren Adams,Hyderabad,UPI,Processing,2026-07-16 03:19:27.589084
482,Erica Walker,Mumbai,Card,Processing,2026-07-16 03:19:27.589145
483,Joseph Smith,Hyderabad,Net Banking,Processing,2026-07-16 03:19:27.589203
484,Scott Knight,Mumbai,Net Banking,Processing,2026-07-16 03:19:27.589260
485,Summer Brooks,Hyderabad,Card,Processing,2026-07-16 03:19:27.589322
486,Zachary White,Mumbai,UPI,Processing,2026-07-16 03:19:27.589385
487,Debbie Lane,Bangalore,Card,Processing,2026-07-16 03:19:27.589450
488,Michael Smith,Mumbai,UPI,Processing,2026-07-16 03:19:27.589599
489,Thomas Hughes,Bangalore,Net Banking,Processing,2026-07-16 03:19:27.589676
490,Breanna Henry,Bangalore,Net Banking,Processing,2026-07-16 03:19:27.589782
491,Suzanne Meadows,Mumbai,Card,Processing,2026-07-16 03:19:27.589889
492,Alexis Jackson,Hyderabad,Net Banking,Processing,2026-07-16 03:19:27.590021
493,Tiffany Mendoza,Delhi,Net Banking,Processing,2026-07-16 03:19:27.590159
494,Joshua Underwood,Chennai,Net Banking,Processing,2026-07-16 03:19:27.590265
495,Kirsten Rose,Chennai,UPI,Processing,2026-07-16 03:19:27.590336
496,Marissa Sanchez,Delhi,UPI,Processing,2026-07-16 03:19:27.590406
497,Amy Chang,Bangalore,UPI,Processing,2026-07-16 03:19:27.590464
498,Leon Crawford,Hyderabad,Net Banking,Processing,2026-07-16 03:19:27.590522
499,James Murphy,Bangalore,UPI,Processing,2026-07-16 03:19:27.590578
500,Barry Clark,Delhi,Net Banking,Processing,2026-07-16 03:19:27.590633
501,Michael Lynch,Delhi,Net Banking,Processing,2026-07-16 03:19:27.590689
502,Paul Lyons,Delhi,Net Banking,Processing,2026-07-16 03:19:27.590743
503,Dennis Burgess,Chennai,Card,Processing,2026-07-16 03:19:27.590801
504,Jennifer Thompson,Mumbai,Card,Processing,2026-07-16 03:19:27.590856
505,Sherry Delgado,Hyderabad,Card,Processing,2026-07-16 03:19:27.590912
506,Gary Duncan,Delhi,UPI,Processing,2026-07-16 03:19:27.590967
507,April Dalton,Delhi,Card,Processing,2026-07-16 03:19:27.591025
508,Jack Snyder,Bangalore,Net Banking,Processing,2026-07-16 03:19:27.591081
509,Steven Griffin,Chennai,Card,Processing,2026-07-16 03:19:27.591139
510,Amanda Martinez,Delhi,UPI,Processing,2026-07-16 03:19:27.591196
511,Antonio Wright,Bangalore,Net Banking,Processing,2026-07-16 03:19:27.591251
512,Joshua Lee,Chennai,UPI,Processing,2026-07-16 03:19:27.591307
513,Laura Weeks,Mumbai,Net Banking,Processing,2026-07-16 03:19:27.591366
514,Jennifer Vaughn,Delhi,UPI,Processing,2026-07-16 03:19:27.591424
515,Joshua Rios,Delhi,Card,Processing,2026-07-16 03:19:27.591482
516,Jessica Alvarado,Bangalore,Net Banking,Processing,2026-07-16 03:19:27.591540
517,Robert Ruiz,Delhi,Net Banking,Processing,2026-07-16 03:19:27.591599
518,Brandon Hill,Chennai,UPI,Processing,2026-07-16 03:19:27.591654
519,Heidi Dominguez,Delhi,UPI,Processing,2026-07-16 03:19:27.591711
520,Beth Harris,Delhi,UPI,Processing,2026-07-16 03:19:27.591768
521,Stephanie Dougherty,Delhi,UPI,Processing,2026-07-16 03:19:27.591825
522,Emily Robertson,Delhi,Net Banking,Processing,2026-07-16 03:19:27.591882
523,Theresa Jones,Chennai,UPI,Processing,2026-07-16 03:19:27.591938
524,Krystal Juarez,Hyderabad,Net Banking,Processing,2026-07-16 03:19:27.591997
525,Maurice Esparza,Chennai,UPI,Processing,2026-07-16 03:19:27.592055
526,Cynthia Miller,Chennai,UPI,Processing,2026-07-16 03:19:27.592112
527,Jessica Randolph,Hyderabad,UPI,Processing,2026-07-16 03:19:27.592169
528,Amanda Farrell,Chennai,Card,Processing,2026-07-16 03:19:27.592232
529,Travis Hamilton,Delhi,UPI,Processing,2026-07-16 03:19:27.592291
530,Ronald Dalton,Delhi,Net Banking,Processing,2026-07-16 03:19:27.592355
531,Emily Parrish,Hyderabad,Card,Processing,2026-07-16 03:19:27.592416
532,Jade Smith,Mumbai,Card,Processing,2026-07-16 03:19:27.592474
533,Sandra Stephens,Hyderabad,Card,Processing,2026-07-16 03:19:27.592531
534,Keith Wright,Bangalore,UPI,Processing,2026-07-16 03:19:27.592589
535,Joseph Watkins,Hyderabad,Card,Processing,2026-07-16 03:19:27.592646
536,Micheal Wilson,Mumbai,UPI,Processing,2026-07-16 03:19:27.592701
537,Jean Taylor,Mumbai,UPI,Processing,2026-07-16 03:19:27.592757
538,Tracy Sheppard,Mumbai,Net Banking,Processing,2026-07-16 03:19:27.592814
539,Richard Gonzalez,Hyderabad,Card,Processing,2026-07-16 03:19:27.592869
540,Mikayla Griffin,Bangalore,UPI,Processing,2026-07-16 03:19:27.592925
541,Emily Jackson,Delhi,Net Banking,Processing,2026-07-16 03:19:27.592981
542,David Callahan,Mumbai,Net Banking,Processing,2026-07-16 03:19:27.593038
543,Lisa Tran,Mumbai,Net Banking,Processing,2026-07-16 03:19:27.593097
544,Jenny Kirk,Mumbai,UPI,Processing,2026-07-16 03:19:27.593158
545,Jorge Fisher,Mumbai,UPI,Processing,2026-07-16 03:19:27.593217
546,Bradley Harris,Hyderabad,Net Banking,Processing,2026-07-16 03:19:27.593274
547,Shane Ramos,Delhi,Card,Processing,2026-07-16 03:19:27.593330
548,Miranda Williams,Delhi,Card,Processing,2026-07-16 03:19:27.593387
549,James White,Delhi,Card,Processing,2026-07-16 03:19:27.593443
550,Timothy Willis,Mumbai,Net Banking,Processing,2026-07-16 03:19:27.593500
551,Jessica Hurley,Hyderabad,Card,Processing,2026-07-16 03:19:27.593561
552,Cynthia Steele,Bangalore,Net Banking,Processing,2026-07-16 03:19:27.593618
553,Raymond Ortega,Hyderabad,Card,Processing,2026-07-16 03:19:27.593675
554,Cheryl Guerrero,Bangalore,Card,Processing,2026-07-16 03:19:27.593732
555,Nathan Johnson,Hyderabad,Net Banking,Processing,2026-07-16 03:19:27.593788
556,James Meyers,Mumbai,Card,Processing,2026-07-16 03:19:27.593845
557,Olivia Woods,Hyderabad,Net Banking,Processing,2026-07-16 03:19:27.593904
558,Jordan Maxwell,Hyderabad,Card,Processing,2026-07-16 03:19:27.593960
559,Elizabeth Hester,Hyderabad,Net Banking,Processing,2026-07-16 03:19:27.594019
560,Shirley Hahn,Bangalore,Card,Processing,2026-07-16 03:19:27.594077
561,Taylor Miller,Hyderabad,Card,Processing,2026-07-16 03:19:27.594134
562,April Black DVM,Mumbai,Net Banking,Processing,2026-07-16 03:19:27.594195
563,Rachel Burton,Chennai,Card,Processing,2026-07-16 03:19:27.594253
564,Thomas Robinson,Delhi,Card,Processing,2026-07-16 03:19:27.594310
565,Robert Medina,Delhi,UPI,Processing,2026-07-16 03:19:27.594374
566,Billy Cherry,Mumbai,Card,Processing,2026-07-16 03:19:27.594433
567,Cathy Norris,Hyderabad,Card,Processing,2026-07-16 03:19:27.594492
568,Victoria Rose,Mumbai,UPI,Processing,2026-07-16 03:19:27.594549
569,Kevin York,Mumbai,Net Banking,Processing,2026-07-16 03:19:27.594607
570,Kevin Johnson,Mumbai,UPI,Processing,2026-07-16 03:19:27.594665
571,Anthony Scott,Delhi,Net Banking,Processing,2026-07-16 03:19:27.594724
572,John Roberts,Chennai,UPI,Processing,2026-07-16 03:19:27.594781
573,Katie Leon,Hyderabad,UPI,Processing,2026-07-16 03:19:27.594840
574,Chelsea Ryan,Bangalore,UPI,Processing,2026-07-16 03:19:27.594898
575,Karina Blackwell,Chennai,UPI,Processing,2026-07-16 03:19:27.594955
576,Cynthia Jackson,Hyderabad,UPI,Processing,2026-07-16 03:19:27.595014
577,William Green,Chennai,Card,Processing,2026-07-16 03:19:27.595072
578,Sean Gray,Chennai,UPI,Processing,2026-07-16 03:19:27.595129
579,Jamie Baird,Mumbai,UPI,Processing,2026-07-16 03:19:27.595188
580,Thomas Johnson,Hyderabad,Net Banking,Processing,2026-07-16 03:19:27.595246
581,Morgan Robinson,Delhi,Card,Processing,2026-07-16 03:19:27.595304
582,Gregory Phelps,Bangalore,Net Banking,Processing,2026-07-16 03:19:27.595362
583,Holly Davis,Delhi,Net Banking,Processing,2026-07-16 03:19:27.595431
584,Michael Hawkins,Delhi,Net Banking,Processing,2026-07-16 03:19:27.595497
585,Aaron Schultz,Delhi,Card,Processing,2026-07-16 03:19:27.595564
586,Scott Moore,Hyderabad,UPI,Processing,2026-07-16 03:19:27.595631
587,Dustin Dorsey,Mumbai,Card,Processing,2026-07-16 03:19:27.595689
588,Javier Vasquez PhD,Mumbai,UPI,Processing,2026-07-16 03:19:27.595749
589,Shannon Johnson,Delhi,Net Banking,Processing,2026-07-16 03:19:27.595808
590,Amanda Merritt,Delhi,Card,Processing,2026-07-16 03:19:27.595866
591,Jessica Moses,Delhi,Card,Processing,2026-07-16 03:19:27.595922
592,Jason Johnson,Bangalore,Card,Processing,2026-07-16 03:19:27.595978
593,Melissa Johnson,Bangalore,Card,Processing,2026-07-16 03:19:27.596034
594,Olivia King,Hyderabad,UPI,Processing,2026-07-16 03:19:27.596091
595,Madison Carter,Delhi,Net Banking,Processing,2026-07-16 03:19:27.596150
596,Andrew Moore,Hyderabad,Card,Processing,2026-07-16 03:19:27.596208
597,Patricia Reeves,Mumbai,Card,Processing,2026-07-16 03:19:27.596267
598,Stephanie Harrington,Hyderabad,Net Banking,Processing,2026-07-16 03:19:27.596327
599,Sarah Rogers,Mumbai,Card,Processing,2026-07-16 03:19:27.596394
600,Justin Reid MD,Hyderabad,Net Banking,Processing,2026-07-16 03:19:27.596455
601,Stephanie Perez,Delhi,UPI,Processing,2026-07-16 03:19:27.596559
602,Anne Murphy,Bangalore,UPI,Processing,2026-07-16 03:19:27.596711
603,Jerome Ward,Bangalore,UPI,Processing,2026-07-16 03:19:27.596796
604,George Henderson,Chennai,UPI,Processing,2026-07-16 03:19:27.596863
605,Drew Williams,Chennai,Card,Processing,2026-07-16 03:19:27.596943
606,Lance Vaughn,Hyderabad,Net Banking,Processing,2026-07-16 03:19:27.597045
607,Linda Burgess,Delhi,Card,Processing,2026-07-16 03:19:27.597154
608,William Garcia,Mumbai,Net Banking,Processing,2026-07-16 03:19:27.597254
609,Andrea Villanueva,Chennai,Card,Processing,2026-07-16 03:19:27.597354
610,James Rocha,Mumbai,Net Banking,Processing,2026-07-16 03:19:27.597456
611,William Wood,Hyderabad,Net Banking,Processing,2026-07-16 03:19:27.597577
612,Mark Mccoy,Bangalore,Card,Processing,2026-07-16 03:19:27.597683
613,Adrian Wheeler,Delhi,UPI,Processing,2026-07-16 03:19:27.597779
614,Ebony Hull,Delhi,UPI,Processing,2026-07-16 03:19:27.597858
615,Allison Snyder,Mumbai,Card,Processing,2026-07-16 03:19:27.597933
616,Jamie Lawrence,Chennai,Net Banking,Processing,2026-07-16 03:19:27.598004
617,Kristen Brooks,Mumbai,Card,Processing,2026-07-16 03:19:27.598076
618,Meagan Horton,Hyderabad,UPI,Processing,2026-07-16 03:19:27.598147
619,David Jackson,Hyderabad,Card,Processing,2026-07-16 03:19:27.598216
620,Joseph Jones,Mumbai,Net Banking,Processing,2026-07-16 03:19:27.598282
621,Gabriella Cherry,Hyderabad,UPI,Processing,2026-07-16 03:19:27.598358
622,Caitlyn Bell,Hyderabad,Net Banking,Processing,2026-07-16 03:19:27.598418
623,Nathaniel Bradford,Delhi,Card,Processing,2026-07-16 03:19:27.598488
624,Brandi Garcia,Mumbai,UPI,Processing,2026-07-16 03:19:27.598564
625,Ricky Ramirez,Hyderabad,UPI,Processing,2026-07-16 03:19:27.598638
626,Erica Grant,Mumbai,Net Banking,Processing,2026-07-16 03:19:27.598712
627,Brittany Hansen,Bangalore,Card,Processing,2026-07-16 03:19:27.598780
628,Christine Rivas,Chennai,Net Banking,Processing,2026-07-16 03:19:27.598840
629,Brian Mullen,Delhi,Net Banking,Processing,2026-07-16 03:19:27.598899
630,Megan Graham,Delhi,UPI,Processing,2026-07-16 03:19:27.598958
631,Tony Allen,Delhi,Card,Processing,2026-07-16 03:19:27.599016
632,Tara Greer,Mumbai,Card,Processing,2026-07-16 03:19:27.599076
633,Monique Bell PhD,Bangalore,Net Banking,Processing,2026-07-16 03:19:27.599139
634,April Carroll,Mumbai,UPI,Processing,2026-07-16 03:19:27.599197
635,Joshua Williams,Mumbai,UPI,Processing,2026-07-16 03:19:27.599253
636,Linda Wilson,Hyderabad,Net Banking,Processing,2026-07-16 03:19:27.599311
637,Kevin Perry,Bangalore,Card,Processing,2026-07-16 03:19:27.599368
638,Sandra Jones,Delhi,Net Banking,Processing,2026-07-16 03:19:27.599425
639,Diana Haney,Mumbai,UPI,Processing,2026-07-16 03:19:27.599482
640,Jesus Richardson,Mumbai,UPI,Processing,2026-07-16 03:19:27.599539
641,Connie Flores,Chennai,Net Banking,Processing,2026-07-16 03:19:27.599596
642,Jenny Coleman,Mumbai,Net Banking,Processing,2026-07-16 03:19:27.599653
643,Shane Taylor,Delhi,Card,Processing,2026-07-16 03:19:27.599710
644,Clarence Rogers,Delhi,UPI,Processing,2026-07-16 03:19:27.599766
645,Rebecca Griffin,Hyderabad,UPI,Processing,2026-07-16 03:19:27.599823
646,Anthony Cervantes MD,Chennai,UPI,Processing,2026-07-16 03:19:27.599883
647,Paul Jones,Mumbai,Net Banking,Processing,2026-07-16 03:19:27.599938
648,Russell Barker,Delhi,UPI,Processing,2026-07-16 03:19:27.599994
649,Jennifer Curtis,Delhi,Card,Processing,2026-07-16 03:19:27.600051
650,Nicholas Walker,Mumbai,Net Banking,Processing,2026-07-16 03:19:27.600107
651,Mrs. Morgan Wright,Mumbai,UPI,Processing,2026-07-16 03:19:27.600167
652,Cory Butler,Mumbai,UPI,Processing,2026-07-16 03:19:27.600224
653,Maureen Davis,Mumbai,Net Banking,Processing,2026-07-16 03:19:27.600281
654,Joseph Parsons,Hyderabad,Net Banking,Processing,2026-07-16 03:19:27.600346
655,Sharon Anderson,Mumbai,Card,Processing,2026-07-16 03:19:27.600405
656,Nicole Bell,Chennai,UPI,Processing,2026-07-16 03:19:27.600464
657,Emily Jordan,Bangalore,UPI,Processing,2026-07-16 03:19:27.600525
658,Logan Hoffman,Chennai,UPI,Processing,2026-07-16 03:19:27.600584
659,Clayton Sherman,Mumbai,UPI,Processing,2026-07-16 03:19:27.600668
660,Andre Rivera,Chennai,UPI,Processing,2026-07-16 03:19:27.600744
661,Carol Shah,Chennai,UPI,Processing,2026-07-16 03:19:27.600816
662,James Ward,Hyderabad,Card,Processing,2026-07-16 03:19:27.600886
663,Jennifer Cummings,Mumbai,UPI,Processing,2026-07-16 03:19:27.600959
664,Alyssa Blevins,Delhi,UPI,Processing,2026-07-16 03:19:27.601032
665,Luis Tran,Delhi,Card,Processing,2026-07-16 03:19:27.601105
666,Margaret Sharp,Bangalore,Net Banking,Processing,2026-07-16 03:19:27.601179
667,Virginia Rose,Delhi,Net Banking,Processing,2026-07-16 03:19:27.601253
668,Nicholas Wagner,Hyderabad,UPI,Processing,2026-07-16 03:19:27.601324
669,Andrew Herrera,Bangalore,Card,Processing,2026-07-16 03:19:27.601394
670,Tracey Bell,Chennai,Net Banking,Processing,2026-07-16 03:19:27.601455
671,Amber Brown,Delhi,UPI,Processing,2026-07-16 03:19:27.601514
672,Angel Edwards,Delhi,UPI,Processing,2026-07-16 03:19:27.601570
673,Laura Hinton,Hyderabad,Card,Processing,2026-07-16 03:19:27.601628
674,Shannon Cisneros,Mumbai,Card,Processing,2026-07-16 03:19:27.601685
675,Ryan Nunez,Mumbai,UPI,Processing,2026-07-16 03:19:27.601742
676,Suzanne Jones,Bangalore,Net Banking,Processing,2026-07-16 03:19:27.601799
677,Natalie Macias,Bangalore,Net Banking,Processing,2026-07-16 03:19:27.601856
678,Veronica Patel DVM,Bangalore,Card,Processing,2026-07-16 03:19:27.601916
679,Diana Boyd,Bangalore,Card,Processing,2026-07-16 03:19:27.601973
680,Gwendolyn Nicholson,Delhi,Net Banking,Processing,2026-07-16 03:19:27.602029
681,Kevin Wright,Mumbai,Net Banking,Processing,2026-07-16 03:19:27.602085
682,Jessica Reese,Bangalore,Net Banking,Processing,2026-07-16 03:19:27.602141
683,Gabrielle Spencer,Chennai,Net Banking,Processing,2026-07-16 03:19:27.602207
684,Dawn Sanchez,Mumbai,Card,Processing,2026-07-16 03:19:27.602270
685,Alan Wright,Delhi,Net Banking,Processing,2026-07-16 03:19:27.602343
686,David Lawson,Bangalore,Net Banking,Processing,2026-07-16 03:19:27.602412
687,Robert Hudson,Hyderabad,Net Banking,Processing,2026-07-16 03:19:27.602486
688,Sierra Rogers,Mumbai,UPI,Processing,2026-07-16 03:19:27.602561
689,Rachel Bowen,Mumbai,Card,Processing,2026-07-16 03:19:27.602634
690,Jennifer Shaffer,Mumbai,Net Banking,Processing,2026-07-16 03:19:27.602726
691,Brooke Branch,Hyderabad,UPI,Processing,2026-07-16 03:19:27.602820
692,Samantha Peters,Mumbai,Card,Processing,2026-07-16 03:19:27.602914
693,Nicole Norris,Bangalore,Net Banking,Processing,2026-07-16 03:19:27.603006
694,Meghan Stone,Hyderabad,Card,Processing,2026-07-16 03:19:27.603098
695,Reginald Burnett,Mumbai,UPI,Processing,2026-07-16 03:19:27.603203
696,John Cherry,Bangalore,Net Banking,Processing,2026-07-16 03:19:27.603308
697,Michelle Figueroa,Delhi,UPI,Processing,2026-07-16 03:19:27.603407
698,Bobby Cox,Chennai,Card,Processing,2026-07-16 03:19:27.603697
699,Stephen Fox,Delhi,UPI,Processing,2026-07-16 03:19:27.603813
700,Kayla Reynolds,Delhi,Card,Processing,2026-07-16 03:19:27.603899
701,Charles Miller,Hyderabad,UPI,Processing,2026-07-16 03:19:27.604020
702,Thomas Banks,Delhi,UPI,Processing,2026-07-16 03:19:27.604128
703,Scott Jones,Mumbai,UPI,Processing,2026-07-16 03:19:27.604219
704,Maria Johnson,Bangalore,UPI,Processing,2026-07-16 03:19:27.604306
705,Carla Chambers,Mumbai,Net Banking,Processing,2026-07-16 03:19:27.604391
706,Lisa Miranda,Delhi,UPI,Processing,2026-07-16 03:19:27.604478
707,Amanda Zuniga,Bangalore,Net Banking,Processing,2026-07-16 03:19:27.604561
708,Jaime Weaver,Chennai,Card,Processing,2026-07-16 03:19:27.604636
709,Anthony Turner,Bangalore,UPI,Processing,2026-07-16 03:19:27.604713
710,Tamara Shaffer,Mumbai,UPI,Processing,2026-07-16 03:19:27.604788
711,Krista George DDS,Delhi,Net Banking,Processing,2026-07-16 03:19:27.604866
712,Alicia Fields,Hyderabad,UPI,Processing,2026-07-16 03:19:27.604938
713,Maria Murphy,Mumbai,Card,Processing,2026-07-16 03:19:27.605009
714,Sharon Lopez,Bangalore,Net Banking,Processing,2026-07-16 03:19:27.605081
715,Samuel Keith,Mumbai,UPI,Processing,2026-07-16 03:19:27.605152
716,Sarah Fields,Hyderabad,Card,Processing,2026-07-16 03:19:27.605224
717,David Garcia,Delhi,UPI,Processing,2026-07-16 03:19:27.605291
718,Teresa Young,Delhi,Net Banking,Processing,2026-07-16 03:19:27.605354
719,Robert Richardson,Delhi,UPI,Processing,2026-07-16 03:19:27.605415
720,Paul Johnson,Delhi,UPI,Processing,2026-07-16 03:19:27.605476
721,Michael Ramirez,Bangalore,Net Banking,Processing,2026-07-16 03:19:27.605535
722,Marie Hodges,Delhi,UPI,Processing,2026-07-16 03:19:27.605597
723,James Mathis,Hyderabad,UPI,Processing,2026-07-16 03:19:27.605657
724,Carrie Brown,Delhi,Net Banking,Processing,2026-07-16 03:19:27.605718
725,Christopher Parsons,Bangalore,UPI,Processing,2026-07-16 03:19:27.605777
726,Corey Morrow,Delhi,UPI,Processing,2026-07-16 03:19:27.605835
727,Karen Baird,Chennai,Net Banking,Processing,2026-07-16 03:19:27.605895
728,Elijah Hampton,Mumbai,Card,Processing,2026-07-16 03:19:27.605951
729,Mrs. Samantha Johnson,Chennai,Net Banking,Processing,2026-07-16 03:19:27.606013
730,Benjamin Watson,Bangalore,Net Banking,Processing,2026-07-16 03:19:27.606070
731,Elizabeth Pugh,Chennai,Card,Processing,2026-07-16 03:19:27.606131
732,Maria Smith,Delhi,UPI,Processing,2026-07-16 03:19:27.606203
733,Jamie Sanchez,Chennai,Card,Processing,2026-07-16 03:19:27.606263
734,Derek West,Mumbai,UPI,Processing,2026-07-16 03:19:27.606321
735,Adam Montgomery,Hyderabad,UPI,Processing,2026-07-16 03:19:27.606379
736,Jose Wright,Delhi,Net Banking,Processing,2026-07-16 03:19:27.606436
737,Nicholas Cook,Mumbai,UPI,Processing,2026-07-16 03:19:27.606495
738,Dr. Tonya Lara,Delhi,Net Banking,Processing,2026-07-16 03:19:27.606556
739,Stefanie Parker,Delhi,UPI,Processing,2026-07-16 03:19:27.606619
740,Tracy Ross,Delhi,Net Banking,Processing,2026-07-16 03:19:27.606679
741,Joshua Parks DVM,Mumbai,Net Banking,Processing,2026-07-16 03:19:27.606743
742,Angel Nguyen,Mumbai,Net Banking,Processing,2026-07-16 03:19:27.606802
743,Mrs. Kelsey Ray,Bangalore,UPI,Processing,2026-07-16 03:19:27.606864
744,Angela Owens,Delhi,Card,Processing,2026-07-16 03:19:27.606921
745,George Crawford,Hyderabad,Net Banking,Processing,2026-07-16 03:19:27.606980
746,Kyle Wright,Delhi,UPI,Processing,2026-07-16 03:19:27.607038
747,Kathleen Kent,Mumbai,Card,Processing,2026-07-16 03:19:27.607104
748,Robert Griffin,Delhi,Card,Processing,2026-07-16 03:19:27.607163
749,Edward Moses,Mumbai,Net Banking,Processing,2026-07-16 03:19:27.607222
750,Lori Miller,Hyderabad,UPI,Processing,2026-07-16 03:19:27.607281
751,Amy Chase,Bangalore,Net Banking,Processing,2026-07-16 03:19:27.607340
752,Michael White,Chennai,UPI,Processing,2026-07-16 03:19:27.607397
753,Raven Aguilar,Hyderabad,Net Banking,Processing,2026-07-16 03:19:27.607456
754,John White,Bangalore,UPI,Processing,2026-07-16 03:19:27.607514
755,Karen Wong,Hyderabad,Net Banking,Processing,2026-07-16 03:19:27.607572
756,Kathryn Mejia,Bangalore,Net Banking,Processing,2026-07-16 03:19:27.607631
757,Robert Adkins,Hyderabad,Card,Processing,2026-07-16 03:19:27.607689
758,Jenna Smith,Delhi,UPI,Processing,2026-07-16 03:19:27.607749
759,Richard Martin,Delhi,Card,Processing,2026-07-16 03:19:27.607808
760,Diana Wolf,Hyderabad,Card,Processing,2026-07-16 03:19:27.607869
761,Michael Beard,Hyderabad,UPI,Processing,2026-07-16 03:19:27.607927
762,Emily Perry,Bangalore,UPI,Processing,2026-07-16 03:19:27.607986
763,Christopher Hayes,Delhi,UPI,Processing,2026-07-16 03:19:27.608046
764,Terry Maxwell,Delhi,UPI,Processing,2026-07-16 03:19:27.608105
765,David Miller,Hyderabad,Card,Processing,2026-07-16 03:19:27.608164
766,Antonio Garcia MD,Mumbai,Card,Processing,2026-07-16 03:19:27.608230
767,Joy Carroll,Mumbai,UPI,Processing,2026-07-16 03:19:27.608294
768,Alicia Carson,Bangalore,Card,Processing,2026-07-16 03:19:27.608356
769,Victoria Lloyd,Mumbai,Card,Processing,2026-07-16 03:19:27.608419
770,Savannah Garcia,Chennai,Net Banking,Processing,2026-07-16 03:19:27.608477
771,Patrick Carlson,Bangalore,UPI,Processing,2026-07-16 03:19:27.608536
772,Alyssa Henderson,Hyderabad,Card,Processing,2026-07-16 03:19:27.608595
773,Jake Campbell,Bangalore,Net Banking,Processing,2026-07-16 03:19:27.608652
774,Rhonda Crawford,Hyderabad,Net Banking,Processing,2026-07-16 03:19:27.608711
775,Steven King,Hyderabad,Net Banking,Processing,2026-07-16 03:19:27.608770
776,William Espinoza,Chennai,Card,Processing,2026-07-16 03:19:27.608828
777,Edwin Williams,Hyderabad,Net Banking,Processing,2026-07-16 03:19:27.608886
778,Steven Adams,Bangalore,UPI,Processing,2026-07-16 03:19:27.608945
779,Melanie Gomez,Bangalore,Card,Processing,2026-07-16 03:19:27.609004
780,Matthew Cooper,Delhi,Card,Processing,2026-07-16 03:19:27.609063
781,Jonathan Ferguson,Hyderabad,Net Banking,Processing,2026-07-16 03:19:27.609127
782,Michelle Carr,Hyderabad,UPI,Processing,2026-07-16 03:19:27.609189
783,Krystal Lee,Bangalore,Net Banking,Processing,2026-07-16 03:19:27.609250
784,Danielle Hill,Hyderabad,UPI,Processing,2026-07-16 03:19:27.609310
785,Zachary Moreno,Hyderabad,Card,Processing,2026-07-16 03:19:27.609369
786,Terry Miller,Bangalore,Card,Processing,2026-07-16 03:19:27.609426
787,Daniel Bullock,Bangalore,Card,Processing,2026-07-16 03:19:27.609484
788,April Cummings,Bangalore,Net Banking,Processing,2026-07-16 03:19:27.609542
789,Kathy Collins,Bangalore,Net Banking,Processing,2026-07-16 03:19:27.609600
790,Rebecca Huff,Hyderabad,UPI,Processing,2026-07-16 03:19:27.609659
791,Rachael Murphy,Bangalore,Card,Processing,2026-07-16 03:19:27.609717
792,Robert Moody,Bangalore,UPI,Processing,2026-07-16 03:19:27.609775
793,Jaime Crawford,Delhi,Net Banking,Processing,2026-07-16 03:19:27.609833
794,Laura Hamilton,Chennai,Net Banking,Processing,2026-07-16 03:19:27.609892
795,Felicia Scott,Delhi,Net Banking,Processing,2026-07-16 03:19:27.609951
796,Anthony Henry,Hyderabad,Net Banking,Processing,2026-07-16 03:19:27.610009
797,Anthony Robinson,Mumbai,UPI,Processing,2026-07-16 03:19:27.610067
798,Stacey Lutz,Mumbai,UPI,Processing,2026-07-16 03:19:27.610125
799,Nancy Murphy,Delhi,Net Banking,Processing,2026-07-16 03:19:27.610184
800,Louis Livingston,Delhi,Net Banking,Processing,2026-07-16 03:19:27.610241
801,Dr. Jeffrey Gonzales,Bangalore,UPI,Processing,2026-07-16 03:19:27.610304
802,Stephen Patton,Mumbai,Card,Processing,2026-07-16 03:19:27.610367
803,Elizabeth Mills,Chennai,Card,Processing,2026-07-16 03:19:27.610515
804,Jonathan Mayer,Delhi,UPI,Processing,2026-07-16 03:19:27.610633
805,Bob Ramsey,Mumbai,Net Banking,Processing,2026-07-16 03:19:27.610704
806,Denise Pitts,Hyderabad,UPI,Processing,2026-07-16 03:19:27.610806
807,David Anderson,Mumbai,Net Banking,Processing,2026-07-16 03:19:27.610918
808,Jennifer Frye,Delhi,Card,Processing,2026-07-16 03:19:27.611016
809,Jason Edwards,Chennai,Card,Processing,2026-07-16 03:19:27.611111
810,Elizabeth Wong,Delhi,UPI,Processing,2026-07-16 03:19:27.611207
811,Nicole West,Mumbai,UPI,Processing,2026-07-16 03:19:27.611297
812,Taylor Rios,Hyderabad,UPI,Processing,2026-07-16 03:19:27.611389
813,David Krueger,Chennai,Net Banking,Processing,2026-07-16 03:19:27.611450
814,Emily Johnson,Hyderabad,UPI,Processing,2026-07-16 03:19:27.611509
815,Angela Simmons,Delhi,Net Banking,Processing,2026-07-16 03:19:27.611567
816,Savannah White,Delhi,Card,Processing,2026-07-16 03:19:27.611626
817,Cody Rodriguez,Hyderabad,Card,Processing,2026-07-16 03:19:27.611687
818,Sean Moore,Bangalore,Card,Processing,2026-07-16 03:19:27.611745
819,Morgan Woods,Delhi,Card,Processing,2026-07-16 03:19:27.611805
820,Emily Lamb,Hyderabad,UPI,Processing,2026-07-16 03:19:27.611863
821,Derrick Wise,Delhi,UPI,Processing,2026-07-16 03:19:27.611921
822,Jessica Thompson,Bangalore,UPI,Processing,2026-07-16 03:19:27.611980
823,Michael Singh,Delhi,Card,Processing,2026-07-16 03:19:27.612036
824,Jeffrey Johnson,Chennai,UPI,Processing,2026-07-16 03:19:27.612094
825,Charles Alexander,Mumbai,UPI,Processing,2026-07-16 03:19:27.612159
826,Darlene Daniel,Mumbai,UPI,Processing,2026-07-16 03:19:27.612219
827,John Goodwin,Bangalore,Net Banking,Processing,2026-07-16 03:19:27.612276
828,Amanda Williams,Mumbai,Net Banking,Processing,2026-07-16 03:19:27.612333
829,Heather Schmidt,Bangalore,Card,Processing,2026-07-16 03:19:27.612390
830,Brian Estrada,Delhi,Card,Processing,2026-07-16 03:19:27.612446
831,Megan Harper,Hyderabad,UPI,Processing,2026-07-16 03:19:27.612504
832,Michael Perez,Chennai,UPI,Processing,2026-07-16 03:19:27.612560
833,Eric Rodriguez,Bangalore,Card,Processing,2026-07-16 03:19:27.612618
834,Tanner Reilly,Mumbai,Net Banking,Processing,2026-07-16 03:19:27.612674
835,Joseph Morris,Hyderabad,Card,Processing,2026-07-16 03:19:27.612731
836,Donna Smith,Hyderabad,Card,Processing,2026-07-16 03:19:27.612789
837,Brett Gomez,Hyderabad,Card,Processing,2026-07-16 03:19:27.612846
838,Robert Gibson,Bangalore,UPI,Processing,2026-07-16 03:19:27.612902
839,Christopher Sanchez,Delhi,Net Banking,Processing,2026-07-16 03:19:27.612959
840,Mary Ellison,Hyderabad,UPI,Processing,2026-07-16 03:19:27.613017
841,Linda Cole,Hyderabad,Net Banking,Processing,2026-07-16 03:19:27.613074
842,Abigail Ryan,Hyderabad,UPI,Processing,2026-07-16 03:19:27.613139
843,Monica Johnson,Chennai,Card,Processing,2026-07-16 03:19:27.613217
844,Carlos Mills,Mumbai,UPI,Processing,2026-07-16 03:19:27.613297
845,Cassandra Bennett,Mumbai,Net Banking,Processing,2026-07-16 03:19:27.613362
846,Donald Holder,Hyderabad,Net Banking,Processing,2026-07-16 03:19:27.613422
847,Alexander Schmitt,Bangalore,Net Banking,Processing,2026-07-16 03:19:27.613483
848,Destiny Carney,Bangalore,Net Banking,Processing,2026-07-16 03:19:27.613593
849,Amber Morales,Delhi,Card,Processing,2026-07-16 03:19:27.613729
850,Cheryl Lewis,Bangalore,Card,Processing,2026-07-16 03:19:27.613846
851,Bryan Payne,Chennai,Card,Processing,2026-07-16 03:19:27.613906
852,Diane Norton,Chennai,Net Banking,Processing,2026-07-16 03:19:27.613965
853,Sharon Collins,Chennai,Card,Processing,2026-07-16 03:19:27.614025
854,David Osborne,Mumbai,UPI,Processing,2026-07-16 03:19:27.614085
855,Marc Ortiz,Bangalore,UPI,Processing,2026-07-16 03:19:27.614147
856,Tina Calhoun,Delhi,Net Banking,Processing,2026-07-16 03:19:27.614213
857,Alan Gill,Bangalore,UPI,Processing,2026-07-16 03:19:27.614276
858,Elizabeth Shelton,Hyderabad,Net Banking,Processing,2026-07-16 03:19:27.614335
859,Benjamin Stewart,Mumbai,Card,Processing,2026-07-16 03:19:27.614394
860,Joseph Bryan,Mumbai,UPI,Processing,2026-07-16 03:19:27.614454
861,Angela Cunningham,Mumbai,Card,Processing,2026-07-16 03:19:27.614513
862,Steven Hansen,Delhi,Card,Processing,2026-07-16 03:19:27.614575
863,Lucas Walker,Bangalore,Card,Processing,2026-07-16 03:19:27.614634
864,Jacqueline Moore,Delhi,Card,Processing,2026-07-16 03:19:27.614694
865,Jamie Walker,Delhi,UPI,Processing,2026-07-16 03:19:27.614753
866,Donald Nielsen,Bangalore,Net Banking,Processing,2026-07-16 03:19:27.614810
867,Jason Aguirre,Delhi,UPI,Processing,2026-07-16 03:19:27.614867
868,John Payne,Mumbai,Card,Processing,2026-07-16 03:19:27.614923
869,Richard Ryan,Hyderabad,Card,Processing,2026-07-16 03:19:27.614980
870,Pamela Howell,Hyderabad,Card,Processing,2026-07-16 03:19:27.615037
871,George Tucker,Chennai,Card,Processing,2026-07-16 03:19:27.615093
872,Alejandro Barnes,Hyderabad,Card,Processing,2026-07-16 03:19:27.615149
873,Kiara Smith,Bangalore,Net Banking,Processing,2026-07-16 03:19:27.615207
874,Joseph Hernandez,Hyderabad,Net Banking,Processing,2026-07-16 03:19:27.615264
875,Mackenzie Howell,Bangalore,Net Banking,Processing,2026-07-16 03:19:27.615321
876,Susan Schneider,Mumbai,Net Banking,Processing,2026-07-16 03:19:27.615379
877,Kathryn Duarte,Delhi,Net Banking,Processing,2026-07-16 03:19:27.615436
878,Carly Thompson,Bangalore,UPI,Processing,2026-07-16 03:19:27.615494
879,Jennifer Harris,Delhi,Card,Processing,2026-07-16 03:19:27.615552
880,Renee Turner,Delhi,Net Banking,Processing,2026-07-16 03:19:27.615611
881,Lisa Wu,Hyderabad,Net Banking,Processing,2026-07-16 03:19:27.615668
882,Marcus Juarez,Chennai,UPI,Processing,2026-07-16 03:19:27.615724
883,Melissa Spencer,Bangalore,Net Banking,Processing,2026-07-16 03:19:27.615782
884,Jeff Hughes,Hyderabad,Net Banking,Processing,2026-07-16 03:19:27.615839
885,Jennifer Finley,Chennai,UPI,Processing,2026-07-16 03:19:27.615897
886,John Gomez,Chennai,Card,Processing,2026-07-16 03:19:27.615953
887,Thomas Mcbride,Bangalore,UPI,Processing,2026-07-16 03:19:27.616008
888,Phillip Jones,Bangalore,UPI,Processing,2026-07-16 03:19:27.616065
889,George Vincent,Bangalore,Card,Processing,2026-07-16 03:19:27.616121
890,James Norton,Chennai,Net Banking,Processing,2026-07-16 03:19:27.616182
891,Melissa Curtis,Hyderabad,UPI,Processing,2026-07-16 03:19:27.616241
892,Lindsey Lutz,Hyderabad,Card,Processing,2026-07-16 03:19:27.616298
893,Jaime Marks,Hyderabad,Card,Processing,2026-07-16 03:19:27.616355
894,Michael Sullivan,Bangalore,UPI,Processing,2026-07-16 03:19:27.616411
895,Danny Lang,Hyderabad,UPI,Processing,2026-07-16 03:19:27.616468
896,Taylor Scott,Hyderabad,Card,Processing,2026-07-16 03:19:27.616526
897,Paul Smith,Hyderabad,UPI,Processing,2026-07-16 03:19:27.616584
898,Tracy Burton,Mumbai,Card,Processing,2026-07-16 03:19:27.616642
899,Marissa Jackson,Mumbai,Card,Processing,2026-07-16 03:19:27.616701
900,James Carey,Mumbai,UPI,Processing,2026-07-16 03:19:27.616758
901,Jennifer Smith,Mumbai,Net Banking,Processing,2026-07-16 03:19:27.616816
902,Daniel Guerrero,Mumbai,UPI,Processing,2026-07-16 03:19:27.616873
903,Heather Dean,Delhi,UPI,Processing,2026-07-16 03:19:27.616931
904,Michael Serrano,Bangalore,Card,Processing,2026-07-16 03:19:27.616988
905,Claire Garrison,Hyderabad,Card,Processing,2026-07-16 03:19:27.617046
906,Deanna White,Chennai,UPI,Processing,2026-07-16 03:19:27.617103
907,Christopher Scott,Chennai,Net Banking,Processing,2026-07-16 03:19:27.617163
908,Joanna Mason,Mumbai,Card,Processing,2026-07-16 03:19:27.617225
909,Crystal Charles,Hyderabad,Net Banking,Processing,2026-07-16 03:19:27.617441
910,Anna Harvey,Mumbai,Card,Processing,2026-07-16 03:19:27.617583
911,Jasmine Jackson,Chennai,Card,Processing,2026-07-16 03:19:27.617770
912,Kelly Smith,Hyderabad,UPI,Processing,2026-07-16 03:19:27.618010
913,Jerry Clark,Delhi,UPI,Processing,2026-07-16 03:19:27.618167
914,Sharon Edwards,Bangalore,Card,Processing,2026-07-16 03:19:27.618301
915,Craig Hernandez,Delhi,UPI,Processing,2026-07-16 03:19:27.618431
916,Richard Ramirez,Mumbai,Net Banking,Processing,2026-07-16 03:19:27.618551
917,Joshua Mccullough,Bangalore,Net Banking,Processing,2026-07-16 03:19:27.618638
918,Scott Marshall,Hyderabad,Net Banking,Processing,2026-07-16 03:19:27.618747
919,Austin Holmes,Chennai,UPI,Processing,2026-07-16 03:19:27.618878
920,Nicholas Thomas,Bangalore,UPI,Processing,2026-07-16 03:19:27.619007
921,Thomas White,Hyderabad,UPI,Processing,2026-07-16 03:19:27.619151
922,Lonnie Owen,Delhi,Net Banking,Processing,2026-07-16 03:19:27.619284
923,Hailey Koch,Hyderabad,Net Banking,Processing,2026-07-16 03:19:27.619414
924,Lori Rose,Bangalore,UPI,Processing,2026-07-16 03:19:27.619508
925,Robert Bowen,Mumbai,UPI,Processing,2026-07-16 03:19:27.619567
926,Jesse Anderson,Chennai,Card,Processing,2026-07-16 03:19:27.619625
927,Amanda Kaufman,Bangalore,UPI,Processing,2026-07-16 03:19:27.619684
928,Alexis Smith,Chennai,UPI,Processing,2026-07-16 03:19:27.619742
929,Teresa Obrien DDS,Mumbai,UPI,Processing,2026-07-16 03:19:27.619804
930,Robert Brown,Delhi,UPI,Processing,2026-07-16 03:19:27.619860
931,Janet Matthews,Delhi,UPI,Processing,2026-07-16 03:19:27.619918
932,Emily Fox,Chennai,Net Banking,Processing,2026-07-16 03:19:27.619974
933,Samuel Graham,Delhi,Net Banking,Processing,2026-07-16 03:19:27.620033
934,Melinda Scott,Chennai,UPI,Processing,2026-07-16 03:19:27.620092
935,William Barnes,Bangalore,UPI,Processing,2026-07-16 03:19:27.620150
936,Jacob Vance,Hyderabad,Card,Processing,2026-07-16 03:19:27.620208
937,William Brooks,Hyderabad,Card,Processing,2026-07-16 03:19:27.620266
938,Anita Lopez,Delhi,UPI,Processing,2026-07-16 03:19:27.620325
939,Taylor Moyer,Delhi,Net Banking,Processing,2026-07-16 03:19:27.620385
940,Wayne Winters,Hyderabad,Card,Processing,2026-07-16 03:19:27.620462
941,Breanna Buck,Hyderabad,Net Banking,Processing,2026-07-16 03:19:27.620523
942,James Smith,Hyderabad,UPI,Processing,2026-07-16 03:19:27.620581
943,Ellen Bowen,Delhi,UPI,Processing,2026-07-16 03:19:27.620639
944,Stephanie Shelton,Hyderabad,Net Banking,Processing,2026-07-16 03:19:27.620698
945,Joseph Riley,Chennai,Card,Processing,2026-07-16 03:19:27.620756
946,Kurt Harvey,Mumbai,Net Banking,Processing,2026-07-16 03:19:27.620813
947,Ariel Weber,Bangalore,Card,Processing,2026-07-16 03:19:27.620870
948,Jacob Carson,Chennai,Net Banking,Processing,2026-07-16 03:19:27.620927
949,Sean Ayers,Delhi,UPI,Processing,2026-07-16 03:19:27.620984
950,Amanda Nichols,Delhi,Net Banking,Processing,2026-07-16 03:19:27.621042
951,Todd Franco,Hyderabad,Card,Processing,2026-07-16 03:19:27.621107
952,Christopher Hall,Mumbai,Card,Processing,2026-07-16 03:19:27.621166
953,Charles Hooper,Bangalore,UPI,Processing,2026-07-16 03:19:27.621224
954,John Patterson,Mumbai,UPI,Processing,2026-07-16 03:19:27.621282
955,William Coleman,Delhi,Card,Processing,2026-07-16 03:19:27.621340
956,Mr. Eric Reed,Bangalore,UPI,Processing,2026-07-16 03:19:27.621402
957,Brittany Norris,Hyderabad,Net Banking,Processing,2026-07-16 03:19:27.621460
958,Deborah Green,Hyderabad,Net Banking,Processing,2026-07-16 03:19:27.621519
959,Sherri Young,Chennai,UPI,Processing,2026-07-16 03:19:27.621579
960,Elizabeth Turner,Mumbai,Card,Processing,2026-07-16 03:19:27.621638
961,Tiffany Mcdonald,Delhi,Net Banking,Processing,2026-07-16 03:19:27.621697
962,Alicia Burns,Hyderabad,UPI,Processing,2026-07-16 03:19:27.621755
963,Phillip Vargas,Bangalore,Net Banking,Processing,2026-07-16 03:19:27.621813
964,Jennifer Vaughan,Bangalore,Net Banking,Processing,2026-07-16 03:19:27.621872
965,Heather Huang,Bangalore,UPI,Processing,2026-07-16 03:19:27.621930
966,Stephanie Williamson,Delhi,Card,Processing,2026-07-16 03:19:27.621987
967,Rita Walton,Hyderabad,Card,Processing,2026-07-16 03:19:27.622043
968,Derrick Harrell,Hyderabad,Net Banking,Processing,2026-07-16 03:19:27.622099
969,Antonio Schroeder PhD,Mumbai,Net Banking,Processing,2026-07-16 03:19:27.622159
970,Robert Chandler,Mumbai,Card,Processing,2026-07-16 03:19:27.622216
971,Tasha Brown,Chennai,UPI,Processing,2026-07-16 03:19:27.622272
972,Brett Robbins,Chennai,Net Banking,Processing,2026-07-16 03:19:27.622328
973,Crystal Farley,Delhi,UPI,Processing,2026-07-16 03:19:27.622386
974,Patricia Welch,Chennai,UPI,Processing,2026-07-16 03:19:27.622446
975,Kim Knapp,Chennai,UPI,Processing,2026-07-16 03:19:27.622504
976,Jonathan Rodriguez,Hyderabad,UPI,Processing,2026-07-16 03:19:27.622564
977,Courtney Stark,Chennai,UPI,Processing,2026-07-16 03:19:27.622623
978,Jennifer Harris,Mumbai,Card,Processing,2026-07-16 03:19:27.622682
979,Drew Jones,Hyderabad,UPI,Processing,2026-07-16 03:19:27.622741
980,Christina Cole,Mumbai,Card,Processing,2026-07-16 03:19:27.622801
981,Timothy Henry,Delhi,Card,Processing,2026-07-16 03:19:27.622859
982,Natalie Rollins,Chennai,UPI,Processing,2026-07-16 03:19:27.622919
983,Jessica Hurley,Hyderabad,Card,Processing,2026-07-16 03:19:27.622978
984,James Cohen,Bangalore,UPI,Processing,2026-07-16 03:19:27.623037
985,Donald Rice,Chennai,Card,Processing,2026-07-16 03:19:27.623099
986,Andrew Mendoza,Bangalore,Net Banking,Processing,2026-07-16 03:19:27.623157
987,Michael Hamilton,Delhi,Net Banking,Processing,2026-07-16 03:19:27.623212
988,Terry Pierce,Delhi,Net Banking,Processing,2026-07-16 03:19:27.623267
989,Regina Grant,Delhi,UPI,Processing,2026-07-16 03:19:27.623324
990,Dwayne Walsh,Chennai,Card,Processing,2026-07-16 03:19:27.623380
991,Sheila Kidd,Delhi,Card,Processing,2026-07-16 03:19:27.623436
992,Gerald Shelton,Delhi,UPI,Processing,2026-07-16 03:19:27.623492
993,Emily Rasmussen,Delhi,UPI,Processing,2026-07-16 03:19:27.623548
994,Jimmy Steele,Bangalore,Card,Processing,2026-07-16 03:19:27.623604
995,Katie Jackson DDS,Bangalore,Net Banking,Processing,2026-07-16 03:19:27.623663
996,Elizabeth Kent,Bangalore,Net Banking,Processing,2026-07-16 03:19:27.623720
997,Lori Vargas,Hyderabad,UPI,Processing,2026-07-16 03:19:27.623776
998,Amy Vasquez,Chennai,Net Banking,Processing,2026-07-16 03:19:27.623832
999,Mark Guzman,Mumbai,Net Banking,Processing,2026-07-16 03:19:27.623887
1000,Brian Solomon,Mumbai,Net Banking,Processing,2026-07-16 03:19:27.623943
